{"cameraMode":{"drawMode":0,"name":"Shaded","section":"Shading Mode"},"sceneLighting":true,"audioPlay":false,"sceneViewState":{"showFog":true,"showMaterialUpdate":false,"showSkybox":true,"showFlares":true,"showImageEffects":true,"showParticleSystems":true},"in2DMode":false,"pivot":{"x":201.25320434570313,"y":145.86331176757813,"z":-19.621505737304689},"rotation":{"x":0.041695717722177508,"y":-0.012592591345310212,"z":0.0005253115086816251,"w":0.999086856842041},"size":362.7567138671875,"orthographic":true}